Label	golang_recent	top_starred_repos	top_pushed_repos	ruby_recent
repos_apriori	0.44305400000000000338	-0.05107799999999999840	-0.11333500000000000518	0.58894800000000002704
repos_hierarchy	0.22279099999999998905	0.05136999999999999900	0.26672800000000002063	0.00970400000000000082
repos_logistic	0.05585899999999999893	0.51572600000000001774	0.45000000000000001110	0.61544399999999999107
