Label	golang_recent	top_starred_repos	top_pushed_repos	ruby_recent
repos_apriori	0.35714299999999998825	0.06666700000000000403	0.14285700000000001175	0.57142899999999996474
repos_hierarchy	0.07050399999999999723	0.14285700000000001175	0.66666700000000000959	0.00021499999999999999
repos_logistic	0.74605900000000002770	0.83999999999999996891	1.00000000000000000000	0.93952899999999994751
