Label	golang_recent	top_starred_repos	top_pushed_repos	ruby_recent
repos_apriori	0.98831500000000005457	0.56410300000000002107	0.16279099999999999127	0.99955799999999994654
repos_hierarchy	0.99520900000000001029	0.92236600000000001920	0.92941200000000001591	0.74503600000000003156
repos_logistic	0.74571900000000002073	0.80952400000000002134	1.00000000000000000000	0.78563899999999997625
