Label	golang_recent
users_apriori_3_80	0.88815800000000000303
users_hierarchy_10000_0p005000	0.99378299999999997194
users_logistic_0p000000	0.66087300000000004374
