Label	golang_recent
users_apriori_3_80	0.21918599999999999195
users_hierarchy_10000_0p005000	0.15800500000000000655
users_logistic_0p000000	0.08297300000000000508
