Label	golang_recent
users_apriori_3_80	0.13725499999999998813
users_hierarchy_10000_0p005000	0.10907899999999999541
users_logistic_0p000000	0.66078700000000001324
