TN,0
FP,0
TP,18
FN,0
MCC,0.450000
Accuracy,1.000000
Precision,1.000000
