TN,1
FP,36
TP,6
FN,0
MCC,0.062137
Accuracy,0.162791
Precision,0.142857
