TN,0
FP,7246
TP,168068
FN,0
MCC,0.007782
Accuracy,0.958668
Precision,0.958668
